1495,1146,177,383,1113,88101,186,85,1138,178,355,387,643,72,108,259,1558,577,109,404,216,133,19097,421,717,85186,346,206,298,456,541,155130,360,31,196,216,442,434,489,479,73866,34018,80,594,337,158280,602,215,22,34505,19131,110,45275,19004,83,11,832,154,931,942,958,71,70,45305,642,350,329,35,27950,30,473,584,198,153,142,84145,338,91672,191,233,191522,3809,336,190,849,67657,86,4178,695,34,7446,567697,582047,1155,74112,73999,193915,1115,127,139360,277,265,832,74
683,165,88480,1039,994,841,107,1492,752,88068,1127,74,476,28,66,811,1442,588,1036,272,38,1009,44179,959,44481,24878,67,33858,46,155788,537,175,64,33196,26751,429,238,178,482,46024,49,191000,158908,140,243,19317,502,11,12,57689,129407,336,19125,1257,71,134,317,245,302,154,305,34026,104,332,350,690,337,31,92,107123,481,208,222,530,661,24505,66,574,69616,218,970,2774,7302,100740,57,1540,378,100420,245,1166,94002,446,81,124743,1829,1690,2223,89,305,59,345,44898,254,110
202,143,163,978,87683,311,88101,82382,750,1198,950,88068,252,93342,91617,92225,2878,129,92,137,72,44486,382,19216,391236,150,163357,64976,310,69,92,26081,57319,104946,38317,182,157,155,113,182,164981,189980,484,530,982,135,45434,70,28,103,158773,131,1204,363,135,25,18925,45332,18886,18928,639,79,119,1486,45189,44912,707,41,664,242,43761,502,544,657,142,245,27871,38,558,124,7552,68586,94556,2806,90,1272,147623,2887,3094,3083,1144,214,24,5820,1890,2692,611332,14576,49,55,595,156,150,34794
102,89152,934,88263,433,105,595,101,2146,952,349,899,467,557,807,703,70436,450,143,10,118,19285,284,322,1747,93,73,45655,225,86,217,21,177,430,54841,160,151,129872,158,733,17,58648,19307,137,570,317,155,53,193351,119,334,157441,325,299,118,92,567,1373,627,45053,18944,60736,126,374,1630,1730,44820,37,60553,34,2457,1225,42,43300,2518,13,111,194,179,128,95367,4590,2346,68553,682,550675,461,69592,602702,122955,4003,122,54,141,3128,609101,168,646,34,44,917,339,338,263
115723,973,418,419,773,479,151,225,3791,397,761,151,1032,125,361,257,581,71219,1074,147,58670,423,287,44106,422,116,69,45,34554,62,25844,421,33993,118004,54,159,108,394757,164,284,76,100,590,623,185,532,184,166587,59303,44,123,555,566,583,60363,94,127926,318,127272,1350,127102,43564,92,18866,351,365,18949,35239,43966,120600,1207,43444,528,1317,1287,641,462,505,51,402,3998,211,3796,2368,157,55,407,77,4299,277,101151,220,78,549,610685,245,709,79,48,126056,286,34445,83,245
1583,399,159,738,749,205,334,127,66932,771,794,382,68098,48,675,659,208,2583,387,276,80,1873,1867,315,85431,156,530,53,556,101,138,51,980,333,185,129108,158435,276,59090,395167,51,27021,110,185,129991,140,138,27,27448,38,119,235,239,231,43573,96,157168,18950,346,385,156053,61,14800,367,18870,18932,1759,60,86,77186,683,2565,43449,2571,69381,94,57788,500,543,40,75,2870,286,2943,1171,80479,79821,3052,495,133,2745,72,55,98156,288,898,476,235,32,117,33341,215,237,216
82020,157,825,737,175,25444,324,87767,1139,780,2075,146,1978,225,699,623,186,1185,44015,136,27239,48,774,1770,24901,97,65,27,28544,236,60,177,28349,75650,144,116,393039,158480,450,275,629,38721,59505,188,185,596,129977,74,39781,88,232,112,127843,246,53,189842,231,289,241,235,354,56,123,675,364,31,402,29291,142,123,18609,18646,670,577,597,106,59876,2620,1315,150525,102045,4054,101115,582661,248,67,7221,663,4709,337,144,1191,115,106347,1037,652,94,279,77,194,152,131,34507,895
100,816,1162,2242,2264,540,290,967,955,2267,3943,372,682,316,1895,166,547,182,2350,386006,288,300,389455,417,116,292,788,119732,128052,25956,129,34433,72135,173,28,392239,101,86925,394301,86943,444,55011,1124,59319,349,193,325,34417,56093,26,248,228,255,347,33581,40,131,594,155742,657,277,79,88,247,29,768,735,50,159,119,40,534,1289,1127,225,197,43282,597,530,98,67688,125,2831,3968,1791,372,661,4303,187415,1032,69915,106,639,3293,752,1546,1253,23,40,71,65102,728,102,226
223,781,804,1128,3793,1268,1032,163,360,66641,66881,757,713,23453,198,1600,1494,504,19594,133,73640,322,126379,389012,27,127254,106,50,45662,130,229,105,138,121,27,233,426,25192,102,453,34342,191,198,1116,396533,59449,28206,459,203,37405,527,710,334,392799,132,49,201,237,253,227,265,69397,122,248,666,126952,277,104,33999,603227,1091,722,2554,18516,579,26129,184,1285,43776,130,2866,602670,68582,247,73,659,3000,600705,1392,7530,2934,175,478,72113,1731,282,14580,1385,82,194,335,336,35,232
100,2342,2177,66527,65995,67674,1475,95,786,3886,939,748,256,277,3098,3060,43186,472,456,85957,90,826,440,307,338,59,33729,117,155,44,81,125,44445,595630,78,158208,86792,464,1046,25031,509,63,117,396523,158448,395892,158898,492,103,33,395907,393295,157016,127997,69532,36820,574,251,167,390917,166,342,56618,127416,268,291,293,45082,79,130,124467,1108,18455,124500,1318,84,1044,69985,18403,406,2407,190278,2799,1091,170,430,348,134,173,94671,107,885,154,2268,14581,14353,714,53402,183332,109,226,269,266,209
993,66488,3850,3800,1013,2260,67487,380,369,388,371,2027,257,70573,69296,661,722,1253,381,24691,60086,391963,85166,352,198,26215,508,71,120,48,34002,28488,129,350,189475,86311,443,76,86809,87,421,142,187,147,87293,203,86,724,49,90,618,59118,393807,156938,534,88,392379,127659,390711,127383,646,20152,127,393641,127567,301,391161,61,69453,247,154297,562,1135,53,18534,326,118,568,722,175,2973,98,114,523,13700,104,687,240,1253,4054,4141,794,153,2240,1024,933,168,353,57293,112333,34688,965,199,200
89431,3854,66700,972,378,170,635,679,40620,1027,372,3770,532,1123,811,70188,578,19924,422,49,43741,85646,24406,85073,113,112,126685,60657,118,85,57960,382,106,154,62,444,25118,61,107,59,64,65431,74125,74111,25131,1189,191,71,66221,97,86398,1301,141,86011,20031,54,322,317,612,160,391182,66,190385,380,268,172,126568,34335,188977,143,530,512,124952,696,43258,125354,207,197,2706,468,4066,1340,330,141,850,799,31647,1359,650,101457,593875,165,735,3366,270,387,330,370,26495,67,45131,211,912,202
431,972,352,335,389,775,24217,742,1239,21114,819,66662,24398,200,341,268,2891,44232,879,45449,44,24084,155,807,479,60,817,14,156060,146,1098,57717,110,184917,65300,25047,67,123,25111,89,127173,32,395899,87039,144,120,16,192010,46791,51,59227,86036,142,163,65,100,86231,390845,85276,85141,142,45,36,156996,391666,390574,85159,348,20027,63,239,390353,483,270,561,89,69311,134,1181,7395,609756,1071,3898,1263,160,123,12,107,2215,3042,333,195,14041,603807,156,143,253,1093,37807,31,795,41,222,185106
196,407,887,391,855,821,304,433,3827,380,829,341,177,811,617,20366,19955,599,393,56,63,114,27,24672,160,433,574,142,105,255,28327,44848,149,158,45755,489,59010,484,79,129769,641,45960,87174,25097,105,86847,47,463,52,192794,24967,147,86148,24748,91,24,130,143,813,155517,786,188136,115,85929,387,379,24223,78,34,14882,517,124800,543,505,562,78,103,523,517,3153,114,488,593706,1076,563,80,474,165,3712,69923,315,1189,291,345,240,2186,107,366,52637,37125,268,691,203,56760
803,369,399,118,843,376058,326,2158,2291,808,40577,889,42505,593,600,43288,1190,2571,392340,47,43,127210,155614,186,330,118,187333,48,49,34199,72495,116,33365,14757,58,66,66,84,90,80,77,60,34098,133,550,73835,222,128165,123171,44,69,24748,558,119,188625,24,24550,85822,24404,24354,85062,56,36865,169,12,156658,165,188852,84,122,688,35,702,154302,645,288,20015,555,496,457,280,134,452,135,49616,686,4443,505,13711,3038,161,1754,87,238,2467,139,1662,94,381,61,998,199,209,22
2429,859,806,871,24394,811,262,3733,781,1153,1220,1089,684,31717,1044,570,612,499,126219,602,69493,184,123,80,787,279,106258,21,539,575,64,178,1009,247,119497,72,1052,114,73772,261,189829,68,25099,92,88,25317,61205,746,51,26,1216,144,24765,84,238,189294,123,156573,10,31,58355,163846,90,169,85870,85382,11,69,270,165,391086,83345,390282,498,2515,396,128,18504,125249,15,198,1963,758,331,394,1131,104,1118,243,252,1361,284,623,176,413,33,377,210,157,805088,223,244,182,26560
776,41086,136,40729,40157,81386,780,66618,21128,40604,3972,343,706,717,41930,863,125724,470,156049,116,19817,96,182,119,26158,156374,119319,51,27543,90,44718,963,27187,136,54,123,38,62,74,116,198,43,78,68,69,96,44076,44,137,191359,125,73111,135,81,43,58238,24,129,129,153,24370,52,10,24553,157203,24399,167,27930,70,20,209,23402,154062,389537,511,98,26,43630,391935,86614,156,206,208,669,1074,13498,122504,624,1418,4421,558,13980,860,1130,66,450,430,383,290,44349,228,226,190,37674
3775,23685,23438,23749,1256,115,213,980,1786,390598,2166,784,721,380822,20771,1726,632,1003,84780,25977,36,460,74,107,113,34193,76402,68,126,507,125,92,186328,69,114,86,79,26662,111,94,107658,21,122,72,143,133,88,108345,62,58923,87,95,725,588,26,26659,719,24541,141,381,24,407,26,118,139,187,116,118,163143,120,1120,308,83317,1106,196,34293,94,477,45,54,208,3610,142,1928,615,168,3020,2124,253,602533,81,180,142,849,199,51949,53136,34112,40,166,222,185,183199,51347
66568,838,40935,1264,3801,135,899,59,1142,1185,128,140,1911,222,3199,3044,817,395223,497,193,33601,181,833,168,322,176,191,75,186,28359,109,72457,74,13,69,58,73661,199,73,222,120904,121060,82,98,97,80,214,47,61808,27169,73611,137,89,153,163774,38389,91,610,83,104,166,48,41,37,24600,150,117,42,51,13,83414,154372,263,247,389434,121,71851,1333,83552,852,75,332,1339,581,372,116,991,13778,341,475,1166,903,248,132,157,606,482,81,240,171,205,215,56180,358
986,1294,1240,3918,147,23268,369287,396,1097,213,21735,22154,529,83312,280,713,392829,85097,23484,50,323,184,86,126370,162,115,438,59676,75,57940,180,101,71,150,55,59142,191,50,81,26790,77023,71,136,117,76,85,69491,122567,143,39414,143,106,58712,89,91,54584,58715,91,58333,114,1434,619,35,103,14,134,446,60897,603,56375,1330,28,23405,83540,57,113,110,704,156228,16,288,202,1041,3682,151,301,608,360,95,1375,2046,184,598,1866,460,552,1267,250,188662,485,185,183188,26334,694
419,3891,3887,870,2287,301,688,277,390200,1313,1778,40607,381375,212,1877,581,295,126624,220,48,79,104,158,307,34016,28274,206,55,58520,1161,148,27308,21,40,60609,147,84,52,63,47,357,135,67,68,616,78,20035,384,53,55876,129,94,78,134,535,204,107,102,111,687,107,412,189364,165,161,24,123,43898,889,134,23592,252,385,357,1112,28567,117,537,48,31379,297,13665,1134,132,207,31385,186356,3601,2427,1145,3523,202,101,14309,51398,1480,372,379,226,50076,212,56244,37562,495
386,126,784,1012,1112,415,41660,832,212,80594,121221,1147,141,598,1598,727,84241,272,877,60,161800,332,185,26057,127328,175,486,45,27,44853,82,42,152,55330,68,1015,26468,59251,76,158013,166,117,106,34189,61,83,92,77451,76,69,182,84,1339,89,808,50,1338,161,1416,151,111,52,58329,660,109,103,156494,72,65,126,321,160,244,1368,83286,155384,162352,2572,23268,489,1301,1301,1984,13704,232,50324,7145,307,567,174,645,63,288,251,1396,440,111,1293,65330,71,764,26379,51177,65087
893,2414,1029,2279,385842,201,139,21343,80962,3945,1073,800,1172,23928,115,398406,156064,62,118,108,187101,170,115,55,156867,756,604486,57,59422,123,27279,98,164,206,121,83,112,179,34007,214,170,63,85,82,142,34112,120,186,70,231,237,26585,91,26491,48,144,115,82,105,119,71990,127291,26652,862,141,723,169,53,87,10,42,177,49,23362,347,147,457,392080,407,3187,477,205,3632,1336,32828,635,93979,1404,47287,622,13851,676,53139,2725,703,140,241,260,44912,510,184308,118436,64896,45150
26,966,2216,387989,1082,263,79678,40435,671,149,135,3797,82683,85,124749,85059,22943,23754,127,42,56,123,26070,431,150,822,192,161375,535,55,33375,67,397,216,65,26489,34,1067,97,70,385,32,77,26688,26772,26793,68,180,32,127,26774,70,125,247,11,65075,151,130,131,156,198,621,38484,112,99,111,164,69568,50,172,176,173,221,59,23812,44430,980,1172,732,122264,1112,548,13762,255,390,715,4032,221,1176,2177,615,691,82291,166,1704,289,33185,246,109,72,56358,37388,82,33335
40553,388816,388419,160,1891,243,1459,1257,151,692,391816,2039,443,115,1021,1349,326,67,242,34956,515,26133,323,56,78,160,14890,36614,180,101,202,181,59208,28,69,42,104,66,190,464,606190,61005,34073,255,71,265,159,426,61029,236,82,93,72986,72,65,45310,239,742,71908,124,161,34,54769,170,115,934,26133,96,593,60,351,243,1160,349,43,210,113,84630,293,4573,325,2318,1323,64,83298,380,101121,232,352,571,287,50375,609,1179,634,357,34001,239,183,46941,12,50977,439,680
1320,1008,1037,1888,163,591,392,3821,21300,21437,1090,1181,134,25,393241,91,1232,121,230,324,275,67,291,131,28281,45016,216,90,43632,196,1120,24,42760,61,52,127,193,34877,26709,34813,143,46,225,51,239,1195,65,614439,22,65633,59,261,77,670,95,10,91,58327,26357,276,110,117,220,58396,698,178,305,38,892,189092,162,319,174,143,166,120,33854,20,158,702,140,523,117,313,628,116,68978,71,2203,127,345,358,366,480,127,32970,254,244,34,130,26346,95,766,320
3968,1865,190,1084,35,213,23734,125,132,141,408,1096,1170,182,154902,22875,91,157482,210,42,293,68,69,272,187,55,246,99,67,72837,36,33660,63,158,39,73409,59,73893,61,87,15048,30,26724,44,225,71,516,188,52,46076,202,88,26499,241,537,15,72521,26401,196,26241,220,107202,93,313,153,91,74,20119,126796,129,56823,1098,1451,183,123951,329,1772,23967,1159,189073,1966,48295,326,47517,220,307,2984,171,941,13708,229,226,32688,62,277,1307,823,240,118023,56118,37647,421,504,604
889,210,1846,81699,120591,409,157,844,301,881,125,1691,23118,153,938,361,295,140,116,28555,32,157103,890,155709,783,240,176,151,1159,27165,30,59233,192,71,59279,68,34781,68,54,116,272,10,75,1126,59,192135,60,44,164945,59,116,99,285,88,126390,120916,26481,101,271,81,68,42,148,26384,906,58363,148,64,205,36850,2451,26008,178,56753,173,696,1003,382,185,963,305,1008,214,980,206,248,2814,47771,619,3506,1369,534,96,257,167,44415,486,247,88,22265,51475,765,44607,106
23805,81711,81762,112,81354,481,387,14,121241,320,189,388147,230,164,150,85,194,244,1168,10,126489,322,76,137,161,58144,333,23,68911,129,188167,43104,57,35687,54,152,72,118,1090,28958,164,59,64,72,59711,239,165237,167,65,122477,82,261,99,58706,827,26,50,278,99,848,26265,170,33935,85,284,312,760,29,69,30,151,443,359,2608,146,148,1046,39,165,7949,3626,264,231,524,1585,176635,4116,556,367,1404,116,1146,282,513,194193,566,276,181976,158,57,101,520,748,118647
1882,618,618,640,680,24532,63,1077,368,390,152137,140,205,212,50,189,192,118,397,90,485,140,132,33615,45144,161,36,141,73373,141,59336,154,67963,45,160527,34867,29013,28971,61,442,270,59896,49,229,81,34901,122,34473,37362,73,34965,34553,61,34550,63,33841,53,77,72,85,106,120614,64989,148,26256,26035,70,154,91,120,350,115,56964,157,334,27782,126319,164,277,95866,13430,882,518,304,212,160,597071,1062,432,196,535,349,313,50408,483,312,81,56327,335,40,836,803,341,297
119,122907,199,21850,21690,159,199,387447,387,2297,81741,159,120,293,83500,198,308,261,25945,45148,106923,146,57857,177,170,1595,285,76032,19686,69,43186,68,19689,177,53,121,96,134,66,125,15,43,12,192061,1163,88,600,42,102,158,33726,131,275,97,153,148,157,71,69,106,71,76771,45383,200,70,75,134,163909,106374,56,466,1397,491,322,153845,633,1628,160,400,4070,1275,1885,92,205,252,99,50,188442,1218,250,47909,65,168,827,32755,67389,45211,26246,153,47,444,342,65,43
117,138,22105,245,135,185,1116,90,315,324,2380,232,214,25480,103,125928,395,658,138,127895,33,832,33679,154,288,73489,36,17,180,185,168,63,269,33456,36463,68,89,114,191276,59180,48,53,1090,35126,35077,93,165,15288,95,58,1243,33828,24,1299,106779,86,196,1399,288,252,311,44,121050,78,101,137,297,190770,198,51,178,180,25775,70676,169,59,185054,125079,1622,102344,1160,131,536,980,247,33283,242,914,228,328,1044,217,35100,700,386,2071,1584,37877,33512,84783,547,110,58,373
80,22321,353,121675,325,194,229,270,692,679,691,81604,405,280,22411,200,192,136,75,108,116,33849,1822,145,177,74,55759,49,170,33477,67,68378,65,64,105,28795,45242,45357,203,1073,52,52,219,633,74079,28997,72,267,211,61258,28909,95,34605,28524,428,68,90,246,107,33422,33753,301,48,10,58546,1666,838,51,119732,81,25986,37,222,14,25857,205,20,175,26077,3093,586,683,48262,1943,102,2393,194,2089,31279,306,2031,32978,1802,1859,658,336,262,50782,59183,139,836,33248,687,977
2442,231,256,124,301,478,548,1085,111,67,21797,627,473,133,328,311,1665,421,12,98,118173,937,135,28068,903,27472,142,50450,127,213,68100,944,166,75,94,45188,105,32,34928,45147,153,162489,85,29099,96,606,920,173,190,129,595,28621,79,72640,120444,60434,35056,171,34441,58195,106,186,14,1537,289,295,34215,30,281,48,126,112,118,25845,518,59191,106168,364,473,67605,202,488,995,273,460,86,410,546,319,87,914,226,178208,197,385,141,280,1097,341,73029,330,65,108,57743
1134,158,118,351,136,174,617,1822,24797,1875,138,21611,24951,284,31633,310,55,26278,355,194,220,28479,28143,167,58224,237,44,27890,119,59333,47,175,49,57,192,122,34401,34246,473,32,56483,36782,34993,78,155,82,1752,49,78435,55,60,1260,154,151,76920,153,28721,101,183,34281,304,344,174,293,133,121,58414,373,76764,35,115,454,39,197,120,143,1035,412,135,3071,96,345,1915,548,176957,397,321,199,133,594,337,108,121,190671,376,355,68008,127,138,56490,64,385,117834,398
389019,69,264,142,376,31744,1064,68,205,83,296,144,177,141,291,60,187,101,91,27285,76977,57968,73544,806,27645,203,60,57,162450,43385,19579,19709,76,12,75897,34003,42,163,29069,163,48,107,573,122,29088,45355,59704,13,54,73,129,191209,28550,169,219,59,34006,34562,33989,109,34349,604384,88,134,1575,10,124,34172,463,188970,70915,209,386,466,243,57431,118489,26175,115,97,234,194,941,149,134,1422,101,366,960,47812,541,146,348,530,2305,285,233,491,160,49,118912,1021,326,944
1053,137,569,281,150721,41512,312,115,655,687,373,273,257,131,235,157694,502,101,57512,11,97,1851,231,44701,59,100,241,38,71,1209,175,75,86,133,191,149,160,127,110,74014,57,85,119,126,142,34165,162,203,52037,56,191442,130,100,44808,50,57,71,72197,123,1468,106,119,90,34549,34517,34362,1709,543,190824,58342,201,694,233,152,127,43341,74758,172,198,4183,159,364,554,330,54109,151,1111,424,446,147,333,486,870,230,164,273,259,601,70,210391,341,57261,371,295
57,304,122032,622,315,223,24086,658,377,24672,1795,337,222,116,205,504,25912,1053,183,94,262,224,167,938,1752,330,61,34,145,67,181,159,161029,58,43,959,1044,118,67,125,232,202,29082,333,45401,108,907,57196,28702,60112,45114,44919,162,253,190,59791,1323,137,28465,28397,1431,172,173,72092,152,242,28411,351,603964,26452,427,33102,115,155,31,273,724,156100,57119,621031,48455,31813,153,216,53,161,1295,31310,745,1074,129,574,142,167,379,329,281,65385,167,58,384,409,1004,134
47,247,659,151164,1284,26546,181,81054,52,254,378,264,424,278,314,175,142,406,2164,40,23,45038,73,249,208,59557,53,69639,76,68202,62,186633,125,51,50541,85,191230,27859,45146,124,59,18,192331,45396,192,164,1128,169,25,25,199,226,33661,45,479,40,44912,175,153,71834,189604,54,60853,109,128,72186,71609,127383,484,38310,346,57013,2566,37,208,264,129,192,225,360,501,1134,326,359,119,157,1063,878,591,2064,64,252,68,399,368,180196,181554,44830,58595,49037,1017,980,301,361
117,610,24818,62,649,861,137,2200,152720,390,90,601,32025,34571,1546,26273,148,190,33740,156819,599888,180,225,21,107,43399,156,140138,136,104,160290,385,92,56,27845,48,27964,70,148,123,67,194,45290,41,34046,219,128487,243,59,33,82,30,119,127,604602,67,124,92,1419,190,28321,190056,78,28561,28552,134,224,36,252,64727,33173,221,447,165,727,1317,83,94,2590,366,998,332,359,31316,31525,147,612,421,3553,926,248,1548,133,32163,263,56070,56251,397,153,78,57566,275,57084,254
347,358,246,656,77,2240,124,140,251,395,281,678,188,112,236,148,56833,258,175,120,120,184,44878,57683,279,85,59,69,33698,19564,511,161376,174,61,51,112,36,34203,33,28017,163,77204,148,179,1134,26,1727,149,54,69,140,739,149,170,62,49,218,28513,189655,136,78,148,82,198,72121,146,136,563,88,54610,199,410,33124,237,451,68594,582,100,473,168,183,909,202,126,78,59,104,574,191,96,420,122,118,698,281,66,39,876,123,59,452,146,144,269
81331,74,69,372,659,44553,128,22121,604,234,125,24896,121924,68,57,328,247,33566,497,118,120,255,178,1758,80,213,36194,32,812,214,76,47,136,184615,69749,462,33998,1061,115,34170,36584,60,184,27,99,320,73747,84,71832,164005,50,92,44859,153,220,53,150,33990,205,183,138,203,80,174,166,28331,44687,107425,57,291,27607,27832,70944,457,33060,131,954,380,33212,11,1957,352,31549,902,196,84,2017,211,154,320,31416,174,147,485,179926,639,497,123,159145,77129,312,331,1003,58193
172,24731,338,24939,24674,275,163,366,360,679,653,343,256,28429,1775,253,464,1475,305,59621,115,73995,262,177,73660,76,168,63,1135,187319,102,69,755,57067,41,27893,88,519,271,92,133,50985,39,89,28008,146,175,46,144540,37128,28079,58,235,27599,70,68,190281,44926,44714,44530,44636,14734,48,172,79,44469,212,119,202,84,44293,2531,375,33046,249,19957,594529,280,221,29,901,510,149,284,187,180,323,3425,205,596,125,201,696,2697,55760,26263,26403,118300,171,105,1004,281,322,288
651,667,151107,226,340,393,80,62,1320,30944,1192,120839,27045,645,357,446,2972,202,27977,43760,125,67,35,237,38,68481,42,127010,13,179,61,63,1417,50,140114,191211,192,148,85,174,51,28218,81,125,150,28002,135,63,66,100,71,72,60,61,14976,161320,59,231,251,291,287,17,59636,44696,45079,72,73,86,14887,163,33010,34,248,221,238,71218,325,33707,380,94,499,3319,283,386,35455,175543,3480,30655,474,439,91,88,72,390,85,37260,38016,393,35882,22958,359,346,416,129
22628,352,215,367,211,588,336,265,75,389,622,211,150878,208,179,159,33003,57435,73691,87,14893,215,33242,27233,306,33357,77,63,1489,74,814,58,85,26566,58,58,440,29,106,1096,219,68,134,34127,50,83,105906,176,56,93,92,151,1320,33580,296,36392,754,77,70,67,42,60,71,33746,263,301,273,120124,225,290,394,228,27637,27650,27668,49,342,44,27800,170,321,329,904,3204,30884,526,152,443,491,31503,904,221,182716,399,26333,1193,1030,431,216,43381,150,57998,320,385
346,241,342,611,384,114,31762,292,30933,25824,24949,323,276,44774,466,33057,74682,28054,270,70,122,27184,27301,62,59337,19691,199,146,535,544,33073,122,740,37797,76,87,10,192116,27849,10,64,70526,86,28215,192485,214,120461,36928,45,55,95,27828,190406,197,228,137,99,1390,194,44,845,214,40,249,175,56,59,263,304,45548,240,70970,239,352,1115,145,216,711,71178,481,218,476,164,529,48860,53550,13605,198,173462,235,589,205,56908,246,37925,49871,145,1262,43,55528,58367,147,57853,158198
280,152183,646,389,371,49,175,60,378,429,48,217,44517,248,25971,238,240,2572,111,148,189151,142,119,275,43589,315,12,132,169,51,312,734,1435,53354,171,147,207,33,32,188,29,28,28150,30,210,118,1017,193,169,14,197,45,742,1329,70,135,27706,190301,59,33660,149,28,79,1486,33817,228,75,77195,33,64,109,44317,44146,330,1488,151,67,198,219,185,326,154,366,186462,2802,345,1259,218,230,188080,402,178277,628,374,206,1534,50678,415,233,96,299,97,292,34803
153,334,31096,234,220,1368,26586,164,25722,42761,180,386,372,35,212,27397,27553,51,210,69069,55800,942,1860,73051,92,1618,58,71,824,161300,179,147,125526,279,29,33,60511,194,73,60648,14,141621,56,107,69,15,77036,73,129174,179,21,159,25,104,266,235,131,149,158,71,27413,56279,86,190236,75,33605,27345,257,69,84,294,116,32848,44246,247,113,14786,27961,44364,1397,31928,184,517,442,797,34988,213,470,54328,944,3214,63,35943,243,49874,769,1304,56980,501,67,304,341,133,78
246,222,413,30881,2398,1342,219,671,187,187,86,637,220,42858,52,894,400,242,44642,353,80,94,80,83,220,309,57,47,1503,72,95,33250,188040,97,126954,60606,43953,60696,164,43771,41,64,79,71,628,213,462,39,138,31,230,382,161,39,190158,76876,105,140,27379,27464,50,126,162138,27514,27335,51,154,137,277,120386,2433,372,387,227,44131,160658,526,258,415,204,904,222,3252,222,1709,29850,181,172923,35609,217,243,54936,30102,178067,1734,188,620,555,58,24892,156,157833,12,634
253,620,347,390,664,318,43540,609,400,674,54001,30984,90,10,238,262,268,45225,339,64,103,272,164,58931,63,187990,32,40,188761,91,1541,231,103588,224,163,43643,128,44341,99,78,60,126993,302,189,61049,60948,505,99,63,156,384,106,27756,149,56179,250,238,27586,77,130,167,196,36471,59,193,27157,213,603573,62,34112,128,398,119,116,56777,150,345,1133,118,1216,512,452,455,441,668,49337,52,180,27271,407,114,206,431,71,828,90,694,32880,25,105,436,431,292,102
30807,372,25858,1901,30659,26985,335,24889,2409,121132,362,151408,213,322,169,44741,44578,400,89,19726,114,33282,244,43511,68244,844,66,113442,127260,360,115,1419,860,42,52,168,65,94,69,81,60,63,178,74,44192,93,1037,74,64,77442,60801,220,132,59755,65,68,24,752,112,62,52,48,38,152,1571,149,285,64672,55874,78,244,42,132,419,124,144,486,44739,217,302,3263,174403,199,201,178769,113,2425,54324,47285,630,184,204,56,55572,896,775,201,458,75662,10,302,34639,464,596
611,30779,382,25830,1920,175,77,344,1863,265,198,339,332,1251,444,521,435,102,100,105,33645,27,188351,322,33348,104,67,40,91,179,832,757,117290,135,34,64,37,219,17,187,50,160,79,11,231,44138,618407,22,116114,58,43735,254,80,43563,188,67,74,59,816,1442,98,85,15,136,263,207,126,39,204,95,187638,231,332,32942,407,1302,64,104,140,549,181,54562,229,194,1381,1000,1164,35714,322,3333,447,35530,51836,172,1044,214,1285,1323,84,29264,158400,119,157143,78
81,2422,377,394,370,407,16,343,42781,80,388,26009,26782,27674,32853,103,134,74802,203,58394,56,59488,59273,96,19683,161413,52,37030,104656,75,77,126042,75429,187136,61,83,58,69784,193125,69902,65,73,14,60861,97,76,129,53,67,51264,91,60118,98,273,271,53,59906,116,254,190,131,146,169,244,154,69,33523,152,87,236,27016,104,2510,137,253,2233,59,1486,52,1946,437,140,451,56,243,135,47717,27290,2621,464,176,30709,569,26412,45072,210,168,168,523,61,81,280,34701,1442
634,25978,43472,2332,25769,164,59,132,697,411,635,377,1225,92,55266,1357,171,137,26686,38,93,43984,272,67983,311,145,65,803944,71,120,126190,51,386,138,113171,177,69663,114,178,485,63,145,224,44064,117,82,346,42,38437,28398,129,43716,238,87,72,50797,269,243,44,134,283,36517,158,868,121,1676,59433,45499,307,227,196,118,230,2588,2570,154,235,361,26544,3795,121,135,129,134,202,1178,511,277,1187,189,454,49575,1020,37040,709,117851,119419,398,49613,88,34892,573,65,51
24756,354,638,384,53254,111,100,645,142,193,664,403,186,822,255,159,291,335,342,102,36569,285,43467,248,97,70,186848,25,955,833,1550,1422,602402,23,66,69547,269,20142,60680,191649,188817,71,60807,75,12,213,167,190963,65,51,237,95,406,189887,97,28134,50,103,128,301,469,100,35,22,190686,148,43632,14930,119,119,107,26945,187196,186990,70464,1246,55694,237,33117,13469,333,36564,173859,173575,537,532,897,47270,1218,191,173337,177,447,49270,69438,550,87,440,64,22785,71,109,106,81
123257,424,2263,43100,710,323,149,142,192,25115,31175,42895,158,37,27203,1748,26416,247,33280,160815,60,97,104,19489,266,98,57556,44641,394,1653,96,114,930,64187,59,51,19931,76,44023,19973,58275,13,43969,224,80,69467,34009,56,821613,38,69221,69030,44,271,171,46,43796,71,45,189534,59548,180,266,314,297,299,107,167,205,60356,427,126,127,231,381,125047,220,56938,230,235,194,29868,54107,53701,105,476,2119,2513,139,165,322,1532,117,192,1297,650,480,57894,28014,45366,670,613,75,74855
330,1866,181,183,4609,179,26399,31218,256,157,4456,659,358,241,3906,56811,117,26579,2227,268,92,88,900,77,1766,1080,26607,105,362,194,76,67,398,44828,37358,19869,74,87,64,32,191524,114066,89,73,248,95,15064,64,46391,70895,20172,78,247,68822,71,62,99,26,274,59396,131,64232,270,59810,59799,189423,353,33,36472,93,58906,185,26827,26747,135,2383,574,352,117,1359,449,47716,188466,36292,688,67,140,1128,295,174063,54341,756,108,982,196,1709,514,153,96,43,641,88,613,207
395,1328,40,629,422,54,244,120361,367,327,405,226,1258,159,1111,268,460,28,189023,656,21,1871,68359,82,188692,2277,37728,62,117886,138,103734,188856,248,136,805793,31,190,30,261,177,27025,71,101,243,69691,20007,741,58339,14,52,61,19994,60212,723,156,70082,382,275,59714,43693,43336,61,77039,43978,43885,325,1699,182,64643,76,1456,320,117,1482,26729,193,96,224,144,318,230,323,36359,30340,133,264,560,1154,66,462,163,161,70,2003,104,56095,1494,1077,48,100,1551,1461,607,1384
361,43909,1844,167,43359,665,79,326,54294,151901,341,192,119,115,562,3408,32965,99,154,12,31,65,308,88,904,110,55,111,406,842,189526,103882,229,87,44455,154,153,152,70,67,38745,37515,69594,69912,341,57,66,60,107,144001,84,252,43614,20166,36213,141229,270,59730,43649,97,109,74,53,125,103,59406,68002,20,45285,62,43555,397,1498,143,146,152,227,93,339,353,134,1134,306,46919,531,153,282,1754,160,54681,186056,676,359,926,118942,781,56990,469,201,42,71,82,113,103
597,639,1290,1272,634,195,320,372,384,465,26085,1221,274,196,282,158,2971,129,22,88,30,68462,19482,286,169,524,22,416,75901,126410,116794,117681,264,46,27,272,80,82,161,62,54523,65,193688,194185,20038,90,345,169,65,69,211,106,88,75,105,197,68792,69,97,302,318,65,50522,85,312,43734,189458,86,119,76,484,32919,203,99,128,33450,59,2616,414,48638,174474,2501,30191,2587,227,163,142,43825,188683,35884,36038,866,75,1176,688,656,650,157170,68991,85,67,100,75,49420
246,54213,25429,53685,57,55673,119358,26030,4617,391,129,2366,325,235,43999,26532,170,177,58863,73726,184295,169,111,165,161523,1071,53542,50652,608660,1681,979,75596,14780,117387,96,83,42,46,69708,59,321,806897,237,20030,104,185,152,27161,73,172,104,105,254,99,228,209,160,43858,89,830,18,35,27993,68591,936,94,19792,131,287,59827,154,514,396,214,209,104131,69,26993,2621,1173,54963,313,47314,323,209,78,354,1136,59,27540,28072,180465,27,1566,101,244,186,548,149,27,110,74433,1448,27760
30703,191,407,69,158,40881,134,48,25425,701,43158,368,694,897,509,120,225,373,43170,68,57713,92,288,313,85,302,348,397,959,77,75767,894,618,65,117,54,132,230,19920,165154,136,45283,20013,89,176,193396,130,39454,52079,74,24,57,68746,239,30,126187,19948,457,68407,277,68329,55,55,300,68658,956,353,56230,78,88,41,58671,182,428,436,1355,83,98,40,519,36591,1018,2560,1142,79,144,31385,1039,393,282,284,104,133,43930,300,1658,549,34026,232,30,74792,245,78,631
388,402,280,428,30377,65066,158,152200,184,61,693,30461,54115,490,123,461,375,339,235,542,89,19626,149,33092,105,143,185,46959,276,104277,384,415,95,10,373,164830,164711,164919,39,83,137,72,70,64,98,46,103,54772,359,128462,459,202,108,390,62,62,94,262,443,68366,83,188403,77,134,75,68194,120,169,174,29,78,43406,123,122,561,116619,272,122,553,100,348,319,1146,1116,201,75,316,72271,380,47405,47225,31011,353,119,1885,62,470,99,106,66,240,1477,59,98
49,136,175,25421,115,18688,305,378,668,55059,183,1729,55926,58286,335,310,55,462,399,922,26554,293,104,1758,82,144,252,108,53,94,380,377,579,117,50437,67,62,71,192,142,233,100,173,179,77,164628,15,352,389,80,164431,50,20096,82,73,103,73,163,19926,19789,19795,57941,63,469,60,77,280,178,33,76,67536,159,167,148,58163,1271,36102,180,189026,936,615,171,1042,170,84,175863,845,1646,1693,1144,2366,734,77,310,687,527,479,155,139004,35,1516,49071,74137,229
135,4637,281,4597,246,140,149242,43336,471,42080,77,25381,41697,41460,10,77426,189583,58687,108,77,37617,141,107,93,1148,126945,88,57,14643,117423,601966,603437,64430,288,373,137,79,126,44,83,65278,97,62,57,61,154,725,193422,108,153,193154,192143,91,96,88,96,217,68951,266,111,324,26680,69832,20007,79,335,105,73,93,86,778,2602,42,58336,43267,74833,310,71752,58346,1925,30018,154,296,1688,102,701,237,103,1215,2582,1097,43353,181697,566,909,480,1462,804,105,47212,49375,27667,239,612
26036,52,54056,279,25642,194,55048,640,668,1099,25549,169,249,194,78221,522,58046,43604,1243,11,53665,329,160064,182,2377,2299,45,56320,629,996,1014,949,275,58920,56,65,161,76,165093,853,33935,50840,165431,59,133,88,1149,128,48118,83,112,52,91,119,66,113462,106,70,104,251,109,38507,141694,110,19901,213,123,142,80,161190,19663,67576,58609,43435,141,803,137,408,160,226,47638,190082,1128,42908,141,509,410,114354,43629,1119,1095,444,544,70097,56503,627,421,767,79,30041,27959,620,761,68708
60,218,446,254,397,120050,700,397,699,277,265,53801,2466,69148,175,55,42943,392,68270,72,239,188956,670,159696,161,103718,189308,22411,148,189261,282,162,54997,136,47010,86,78,832,155,1559,45750,430,91,165585,75,1014,278,231,59,114316,135,81,206,65,88,66,191505,19868,223,218,116,45601,96,260,114,19836,97,42,90,36397,134,187599,43263,503,36,816,185768,48,43408,530,1164,675,141,1202,82,460,63,320,163,1733,302,791,541,847,706,57459,58148,1863,65,224,111,123,1404,141
151704,762,740,163,85,442,40330,164,296,389,371,653,65965,169,185,57965,604,117,19425,542,65374,102,80,187377,136,1350,183,12,284,75955,167,249,120,286,59,770,812,1604,75,33869,138,390,140,92,164993,214,56062,175,11,65,161,33826,80,50,188333,85,82,75,78,82,254,54359,90,75,118,88,104,36669,80,170,502,1512,513,843,395,184709,220,471,67930,312,2465,1729,1743,169,178865,41944,3491,991,1115,1150,1651,71617,43670,168,622,238,197,75,421,55,660,246,94,137860
44240,253,646,51,257,724,257,15,97,2436,177,419,753,296,26057,43222,178,461,403,126686,77,124,189,84,1139,116964,64930,36,99,400,14929,14795,113,115,134,75,1534,95,816,260,43,28,65086,152,83,1857,161,10,127,67,1079,163095,109,162815,57783,37179,76,219,90,55,188,89,188,79,297,127,900,50,188036,24,161,19622,777,67372,67344,593473,516,58821,40,357,1058,43973,1041,1073,937,668,617,846,71985,43613,940,59,570,1541,1841,22,673,134,125279,227,650,169,49196,129
390,25444,4550,764,168,172,64142,54,1025,65109,39,4208,19038,19032,123,685,67937,68618,116,980,168,79,103,1283,72,724,45174,11,97,605352,622,659,607,86,15,1529,193351,193663,34089,32,120,47263,879,1006,215,156,155,65622,37,37839,2014,94,38,72,26829,800482,373,106,89,85,627,342,126881,220,486,76,123,61,189,159,195,127,67724,220,19761,1335,116,43620,1638,32301,324,1032,43330,73613,828,70036,426,2275,159,927,43290,93,109,224,293,686,95,136,445,72,217,68049,27749,1103
670,176,48,649,658,238,164,14,55334,18564,80683,59,125,54,378,185,616,33445,360,125,45290,210,174,1005,126735,75813,198,36,562,988,290,233,44639,98,56161,193026,127,171,76,132,92,66,1770,1804,71,65263,667,46278,58378,811130,205,164,71,120,38313,45254,161851,62,160405,160371,72,225,93,91,118,252,159961,120448,58076,355,299,27,339,19624,166,697,114,138,19759,2429,135,1197,156,1570,95,166,194,1089,1627,231,1110,122,355,116920,556,156066,538,74540,169,9616,68560,208,614,122607
189,113,55430,106,472,134,18548,2402,42076,1881,407,55251,252,397,548,67744,152,2504,98,105454,111,88,144,2367,2447,735,144,85312,190322,426,122,104,120,51,22491,149,387,137,1594,70,120739,138,301,144,75,994,259,34,23118,45810,1093,1137,411,104,53689,113,134,191158,126,453,160994,102,66,70,160666,149,207,143,26587,28,434,473,19447,132,536,418,119,36,171,329,181,128,1649,312,42402,79,182,53833,189,72633,72384,206,69933,816,552,30,626,274,186,143336,182,138,236,103
2450,456,206,484,55168,150286,123,1262,238,271,266,41865,745,109,590,19331,32338,19457,725,117409,56,160418,2477,83,279,1417,111,154,55373,283,41,528,272,86,39,123,819,849,164,839,81,56961,141,949,1854,128672,179,82,39,63,395,2099,163035,155,173,50906,156,71,108,109,39,64,196,144,217,510,92,32,38600,24,130,133,496,520,143,317,125,68155,389,260,191233,74788,74206,147,643,111176,222,663,114266,1641,1531,112807,114166,709,57728,756,158075,1800,111962,862,138040,649,68014,360
377,651,1026,70,1013,216,188,75,64974,267,676,1060,555,52,55,642,1661,118,268,266,118555,596,1313,103,140,609010,58,70,244,169,139,54957,309,57875,24,242,128338,274,132,85,139,22602,196,1783,1019,1834,192589,132,44,99,128063,153,191604,12,425,107,1125,84,116,187,190768,33926,91,161251,118,83,155,75,54037,48,208,428,106,131,485,820,68,33516,551,144,89,1659,213,364,854,543,446,388,301,382,114112,451,107,1968,282,33352,34067,48898,160,880,148,137376,32998,1124
67,145,41667,55496,41631,259,494,30847,18680,1101,675,93,129,157500,57266,178,19211,448,148,76344,65,117,154,330,604,120,33574,73191,145,14787,621,126,112,57,15,771,1544,128992,806,128285,114,49,900,224,193819,465,67,121844,76,113,2000,1111,168,1158,285,502,82,161226,11,132,97,82,30,129,85,180,565,56,197,76880,204,120,145,102,137,61,186978,19736,147,911,1716,185,380,193,70793,1253,173417,862,1047,114847,107,1404,363,1023,202,119,94,131,36951,633900,211,1162,676,167
25323,64,253,41663,248,347,671,177,1046,1310,61,254,236,126562,42562,597,509,1479,158347,584,96,1326,289,177,103531,436,118532,56627,160,252,278,236,35147,87,29,1497,105913,1610,128271,1619,274,14,1763,128890,1012,314,35440,81,87032,51792,104958,2144,67,2061,64362,61,2180,193,199,1292,126,120322,112935,132,190,159323,1434,51,458,356,76,98,444,477,289,14751,85,471,501,560,1131,114436,114517,113886,509,406,54087,2388,95,341,152,542,58,54887,690,116,925,28078,806635,14,1184,121921,136952,142
251,55296,18650,1003,64410,356,952,25368,224,1053,31629,65428,151235,107,129,447,180,191218,106,513,152,2538,673,628,150,240,94,208950,584,601,147,603,129,95,85296,128020,906,106126,1521,164,98,10,128869,444,128597,105758,589,143,75160,380,115,127742,106,214,177,480,224,117,104,2354,212,62,75,181,1360,96,2559,53,246,86,111,333,126,314,33103,439,57895,130,117,65,44170,320,299,1045,112131,522,53,818,2429,846,373,55267,1043,757,156286,1119,919,814,60,51,122905,135,194,395
371,41078,64738,246,18579,150529,1050,232,1051,234,55597,18774,82,194,757,33317,133,133,145,301,59953,30,167,1260,1374,14832,10,23,66,119,54864,86,352,157544,23,106378,119633,120151,106032,193158,60397,40,45856,106080,1875,537,196,282,127,58,64954,214,1161,163,235,47138,176,236,229,144,1279,36,81,1386,2498,158,202,189030,119,58,156656,118,122,134,2621,160,26475,137,828,355,1095,1018,1016,2246,187,54744,155,690,1113,843,174,620,557,1904,150,153,139,770,44188,21442,148,1158,152,111865
449,229,238,88,979,2047,116,432,248,53774,1049,603,301,151784,201,151,189,96,243,597728,148,89,1280,126206,117268,808,156,49331,261,631,569,128,181,35525,138,416,427,451,119760,106014,141,21,418,64975,139,107,172,60802,58234,377,119285,403,2085,1154,45254,124,1159,1215,1254,186,2283,244,37173,192222,133,126,184,58201,78,50321,99,202,207,156116,128,93,38725,425,143,3519,75804,851,73,790,120,344,607,55265,887,2474,321,474,56143,705,853,1102,2280,345,139,51923,1218,410,146,93
1832,1013,249,64970,270,4089,241,357,102,4787,41916,239,317,1510,32390,449,207,157781,227,266,68,290,126570,2416,752,419,272,75,35522,33253,120,247,523,140,73096,887,76763,977,354,261,272,29,384,119733,105698,46034,666,263,52,126,552,103938,1159,191807,81,56824,127059,2244,2306,1317,165,112,800128,2369,206,1419,1428,115,120048,27837,230,156329,110,133,156085,912,53374,2600,141,172,1638,1134,2347,386,43,363,35816,399,682,1140,814,532,411,310,33696,2642,164,256,245,49,443,127,1098,430
252,64864,960,18525,204,210,250,1777,80710,387,253,246,247,3030,177,200,414,186,169,178,73,176,191557,133,75969,196,59403,45,98,271,187,35285,10,143,56725,119527,428,76862,410,119793,91,97,105898,1086,1118,119466,160,129,212663,48048,1229,118268,161,127249,26,22186,2192,173,190778,234,181,115,45004,480,127,2488,276,26355,124,89,189155,841,198,292,185997,132,727,293,33296,423,114971,2226,825,1148,627,352,27391,835,682,53473,858,523,441,660,78,114,96,68384,897,66,111,410,121853,37003
487,19168,863,942,920,12,52582,165,235,147297,612,1093,2077,52,67280,188,156259,236,1688,31,86,1259,2526,162,744,72,275,80,162,54943,348,144,114,387,209590,76127,964,1001,950,445,77,85896,90,526,119662,1083,162,60,50797,12,45620,612,207,2078,168,13,104283,1256,193,127225,1283,60399,143,172,290,83,127189,38633,188,94,263,137,155,220,1481,40,215,188499,198,452,290,53474,1126,53156,94,453,140,151245,53680,383,2350,1510,371,641,151,177,74762,136483,210,514,401,111805,369,814861
176,30907,238,239,85149,30879,149552,53611,344,323,66239,960,4182,144,3895,155596,942,106,123,74,47,2496,102911,102533,1473,76,139,77925,541,142,267,250,116,28,35,412,615871,618391,76795,77088,54,73901,1067,76782,76811,76931,78,125,54,57519,76680,1225,127604,418,120046,41,117343,2271,1244,2378,127568,88,62,1380,1327,133,2612,229,426,69791,977,204,156343,32948,150,397,325,118,155613,168,145,908,53564,676,550,1125,47362,1093,892,873,1158,171,384,56518,76,73700,306,233,105,69,112003,109,126,43803
27,218,357,921,238,331,643,254,31639,743,18552,81432,325,89,19078,74,123,250,3004,33482,58810,132,115056,115050,80,126,146,46,124,25,35013,64435,107,356,49346,63,234,437,985,962,59593,57082,119858,522,511,533,185,97,49,22570,594,76686,2118,104307,93,21,690,126915,127073,94,2337,87,514,127914,2495,294,102480,54505,59995,79,252,301,1087,110,304,285,319,135,299,231,1014,671,724,905,1489,234,310,31893,687,834,53347,56513,952,323,1222,184,2226,150,807,96,453,36850,1107,444
705,257,149342,213,745,2106,211,645,147303,528,175,217,14,122,733,3428,250,1895,121,14823,104,127767,789,756,609895,908,111,57,114,635,115,109,123,74603,75,884,149,149,408,450,39,44,76611,1069,559,618245,168,131,65,56,1230,642,104287,595,33642,84809,63867,436,2365,114,255,249,50794,2404,47,1377,859,87,192,140668,2051,192,289,2148,229,259,63704,157462,191,141,2242,2248,140,2331,760,333,95,220,2414,2487,875,456,136,690,149,369,381,124,49857,521,37182,488,86,290
53622,1006,452,85473,31363,118877,2192,4595,627,355,30474,362,83843,680,205,367,299,161,99,193,55,192428,75654,75380,107,191539,55,22721,145,141,64709,519,140,96,56,617447,14988,258,616971,983,70,135,517,334,34195,1145,172,50,62,14,617112,1332,64320,118150,167,73,76367,103632,103049,190562,103255,101,140,102967,128005,191462,1460,313,431,57,3985,2071,189603,191,109,54641,44662,353,156,175876,1155,366,938,685,54455,54613,1079,131,444,377,698,54,56597,154828,1223,470,49166,263,46723,95,819265,814094,377,1456
107,903,474,233,349,985,222,34,472,445,4427,117,281,154,579,315,229,3609,389,350,85,103416,1393,1337,422,321,58840,43487,87,245,379,113,184095,49595,89,264,53,703,65088,616261,98,209649,516,620597,346,350,181,162,79293,40,12,613287,118085,76638,311,58,1285,585,115870,103367,116055,59430,507,278,705,127000,151,181,145,49,2042,280,2098,4075,212,172,69,1494,236,55095,53953,703,2198,711,468,238,2541,168,434,695,2298,185,394,176,167,2611,920,1555,53,51126,43344,43376,111550,252
30,250,372,767,482,554,1781,55,354,7400,256,596,103,1476,160,359,170,837,153,53,117,115942,790,1510,253,54556,133,55146,164,120,173,129,97,34,77765,625,119,283,141,263,161689,22,619337,380,1158,192,189620,60289,64,122,401,64107,599,1224,59717,39,720,116246,733,645,76079,44,47591,116212,192335,162,115199,115,129,274,414,4044,4044,219,2095,62,282,129,102,166,832,836,389,801,554,436,161,184,840,730,350,13,157,1005,2798,184,28418,120269,117,42608,468,482,103,49388
1353,303,54,344,146347,4622,3371,55243,4589,3229,269,146646,105,114,535,192237,2272,323,1656,21,160084,76173,607342,839,14868,242,111,40,159,35231,534,45497,56287,27431,22134,14931,249,75,276,14952,36328,49666,178,45956,619774,201,57625,141,22499,86210,187,385,76469,651,345,73799,1342,694,76114,115771,700,62,49,755,103015,2539,75373,60552,33857,271,126377,104,281,471,4123,692,152,206,293,405,665,55442,783,54665,570,148243,1106,1464,55250,55686,819,565,74,33131,128,48371,158,1568,55894,26495,90,297,471,247
60,150051,6914,148250,4605,97332,31098,41921,469,87,975,31765,2186,113,187122,2416,296,12,127005,639,36437,813,1531,139,105,806,13,25146,185534,136,45200,132,26167,115,43250,48,614,15066,15075,699,12,93,1095,213,55,15122,295,119,44290,74667,760,555,45492,1327,157,128,611666,733,1342,704,690,98,56902,76206,735,535,818,40,137,75,3947,454,453,298,840,290,117454,4122,2180,36562,644,360,341,387,281,32985,306,128,16,178,658,150251,638,60,471,28238,938,470,41,133,300,255,36761,11
212,328,3107,30832,668,1360,56,106,188035,512,1056,554,119940,120661,1759,4962,4441,1883,3108,358,123,1533,454,605275,851,302,102,80,357,114,123,136,37785,102,55308,277,89,44,704,34,23,77965,29,15022,361,733,27055,100,56531,57724,15000,13,1283,612272,101,57132,544,76206,734,1377,1339,103,22364,817,115599,102361,608767,110,71,126267,183,190,2089,2126,288,302,196,265,4379,81,820,13,54928,124,1555,95,94,192,881,853,55813,220,154730,121,184,1063,333,199,21978,148,1475,1422,106,46526
1067,467,454,31505,366,106082,198,976,490,3159,251,481,32571,895,172,32637,224,435,958,51,110,102,285,429,416,240,159515,29366,57158,165,129,148,51891,96,57,65172,287,124,265,261,174,39,309,395,196,446,77,162675,54,66,433,236,636,445,69,210314,437,1330,1393,76023,1410,161266,137,1453,75894,114518,1666,235,49,93,763,2091,126200,62,461,140,34039,2044,199,1133,2132,365,653,916,54903,604,90,3315,150290,649,348,536,401,158,74342,1126,165,115,185,151,49647,49238,810301,1377
54857,86655,85674,4564,185608,2100,352,220,3094,122533,187219,343,2446,2871,153148,1807,523,128867,101725,187962,45,1522,14843,253,76,75,124,94,10,622,98,115,61,68572,45,118,573,626,58,124,195,92,120971,784,64783,137,39539,36481,55,140,69,15166,1306,230,112,58,234,1453,609706,724,462,36303,47,1498,1442,801,522,109,59570,108,100681,189446,4094,125690,2086,122,229,749,2208,30196,803,914,703,328,236,168,186474,1446,1067,150266,115,25,191,155,404,436,68324,445,22,201558,315,278,43230,248
41120,758,3103,502,471,1608,183,240,7329,79874,306,425,4528,224,137,2407,2202,3706,113253,54884,259,833,924,190412,151,131,35914,22864,26450,137,122,329,469,118,59,533,225,56232,45919,25,53,22455,222,356,15094,73,53264,16,25925,211305,460,864,613464,14950,66,28,45594,608586,491,1425,609809,157,48,612662,810,1516,306,59912,117,98,2341,126463,160,4141,125549,35114,712,105,127004,48271,415,150430,864,148505,483,684,634,240,31742,1164,914,33343,34268,1380,2772,359,311,111181,94,65067,261,1488,447,140
259,6990,121738,331,6832,68560,197,65216,2412,1078,450,4228,98097,629,351,127509,192020,179,1772,189,42,612238,64,14787,936,173,202,45700,65034,112,146,184236,210,44,25061,262,56166,274,140,605,447,43560,746,178,375,382,623,177,102,50,173,395,532,852,59288,49440,800,475,238,608151,479,172,84755,511,1580,75883,135,52,133,96,111403,4060,99915,189041,4172,126,281,257,510,295,55592,180,149615,1129,22,176,1087,196,1553,31585,1077,226,623,30,194,170,136928,127,27,130,46506,46209,257,149
4658,3003,934,504,3073,1432,1610,18614,3036,7566,147928,7048,617,103318,322,456,126473,191,191883,262,270,491,448,474,191949,35010,15,68,37806,14,183804,56826,366,77,29292,55995,139,147,620,137,76864,55680,14930,52,784,15,281,31,29908,50084,820,69,445,455,54,89,14930,63865,14840,509,39,339,171,64030,611734,832,1000,113,159803,112683,1476,1051,2398,1048,99,313,58781,209,4407,2565,679,1110,1123,31633,596,119,43289,70801,210,179,149819,926,197,1314,48528,67250,202,629,51,148,1478,255,1485,55450
82,480,731,681,180,1648,117783,191,969,93979,345,3145,180455,1234,323,5090,4516,1062,1035,101,76066,14850,149,882,54555,252,203,37,52587,140,95,144,117708,137158,64,140,607,661,308,55964,445,35,307,716,52,710,444,178,103,86,55518,45659,220,88,10,20,175,228,201,262,253,23,73684,66,532,1626,14929,108,35995,108,74521,99869,1529,99936,294,189,711,2029,421,1149,356,31838,31748,222,714,1524,368,598,184,222,31631,94,87,2974,28949,211,267,36915,21,136,257,160,49143,376
183,198,149,6816,474,2263,384,237,122461,30312,42,476,2155,54215,265,1051,183,101753,74920,46,50213,310,1040,86,222,903,458,63,213,108,56574,26320,162,91,81,342,149,160,133,268,92,13,189,55869,140,296,85,37,23073,78187,251,196,34,150,118,77391,82,159,496,202,14777,25,57103,265,304,608561,534,92,166,41,1499,2408,111082,1559,100006,817,247,467,190299,52,36,216,163,1573,148308,703,1678,237,168,164,187,119,108,154,1167,331,1910,817648,23,40,189,150,252,21679
19203,31692,7466,3064,3128,556270,64,998,296,703,2474,185210,107748,112901,5770,131,918,91,1110,69,27963,475,220,173,302,195,45,47424,510,150,26,37603,217,77,22,580,120,262,56125,68,50725,25432,54,180,46001,55714,34119,31,65,45,187,869,835,888,119,69,444,14865,948,14810,911,29,209318,940,941,543,110,88,48,37242,607358,1546,74286,110883,214,50,275,127206,100358,978,849,1491,216,282,32775,113,125,3366,3409,181,628,237,1408,162,1191,135062,119901,43066,115,178792,177,55327,263,94
64176,463,30812,188794,120200,195,3280,10,139,4280,422,38,1791,70721,2704,560,123,112141,1958,167,51,910,54301,622,647,540,75469,29865,391,184203,184,52283,567,290,22566,45894,65404,135,222,660,48,29333,120,274,734,198,76,457,46664,22390,88,212,14917,11,115,22227,23,916,102,493,484,76448,65,14912,14851,308,1079,161041,282,103,2395,111049,1557,2380,185,99,100,325,110659,182,150759,213,238,267,177,145,1064,45941,1580,1567,161,436,645,179,402,264,177,620,46,50926,55550,21546,46176,119
807,599,31686,490,976,86,97979,873,1128,31364,3060,3141,71261,1407,24,99572,100396,2087,609172,35736,75,72,261,951,869,200,472,211,60,56896,26268,51,58233,124394,45641,161,217,35672,89,151,28262,85,685,716,22,103,97,77221,62,76,238,311,408,333,115,43061,867,484,11,914,63568,341,82,497,540,990,195,36186,285,800003,792,74312,2552,74159,2385,127,145,4041,1768,136,1126,229,1536,159,988,320,124,1440,244,1583,170,112,95,72438,93,2371,1934,1777,84278,122,21453,375,1420,86
220,3075,95180,2996,7288,52692,1534,76,7358,100749,7232,121244,33,1205,18,240,2486,75655,737,60,69362,181,64986,225,247,188,87,204,45224,371,37619,50,544,275,21,245,58,178,157,109,76,78,11,201,462,203,193950,99,51,43721,798,54965,87,54852,160438,55617,273,99,981,106,201,42,49588,45227,207,14897,36,182,631,45277,552,1552,605960,1545,110783,165,59135,101219,2588,58,163,1444,178,204,36,93,71659,197,187,3498,1618,977,220,453,67860,116527,525,356,10,118,118,95,252,116
1010,4637,655,121187,93662,66,106205,216,93645,3043,457,1001,2326,1398,628,2903,109663,1274,594,61,52,1010,339,54292,155,179,50049,53,375,26328,52023,183,156,129,42,120,148,65443,176,268,146,48,55980,80,190,749,304,430,26,56051,164,216,214,216,35911,59,547,45437,53986,163,89,57,100,101,102,565,257,186,24,139,1420,606330,78,2553,1500,136,144,2518,73984,180,31948,188,229,227,38,69330,1645,28756,258,209,215,2061,72123,2965,452,250,534,347,73293,72361,367,135,164,55
976,122847,101679,921,3852,2892,1387,306,297,69604,304,2460,1864,1771,2620,108908,1632,1302,383,169,67,54075,853,320,317,189,48,39,375,37558,231,438,225,114,64,35706,35821,138,47,35661,28,22801,280,271,55869,192,65067,51178,48303,24,121001,507,191,786,221,66,54547,23,307,202,26,50529,103,191,1080,114,191200,392,657,141,246,2601,851,604898,74281,126,269,99,1769,754,242,3304,3280,3315,208,1447,113831,1467,70506,170,208,106,176,46950,134463,2338,197,338,203,201166,169,79,184,131
